Technology,Country,Year,mean,median,variance,std_dev,skewness,kurtosis,percentile_5,percentile_95
CAES,Brazil,2030,0.757007165650252,0.7576592193005318,0.0015259384287662583,0.03906326188077819,-0.08802889970871007,-0.01432530891824424,0.6935737612279288,0.8222960735709797
CAES,Brazil,2031,0.782750108303617,0.7825623601523489,0.001530385099201951,0.03912013674825218,-0.06068783779502936,0.5042626187090447,0.7183557157877023,0.8460056405580215
CAES,Brazil,2032,0.8062582926824428,0.8063827692692624,0.001801385702241106,0.04244273438694903,-0.007395247958535595,-0.07903219508640946,0.7348498836104249,0.8735470317039822
CAES,Brazil,2033,0.8314170829596336,0.8319591936072291,0.0017728657336749942,0.04210541216607426,-0.04879937220111115,0.12221655643734142,0.7600965316130671,0.8986859288691607
CAES,Brazil,2034,0.8591034555004214,0.8588131708546201,0.0017904096995267921,0.04231323314906097,0.051011668246650564,-0.01264527183414721,0.7898006690934732,0.9297934153914125
CAES,Brazil,2035,0.883288500899043,0.8833290436936487,0.002148806188811637,0.04635521749287384,-0.038954981123938776,-0.10654487379160127,0.8060805374738469,0.9600517251032727
CAES,Brazil,2036,0.9086864816653699,0.9083133517119946,0.0021027903037264296,0.045856191552792844,-0.033466294819753155,0.26469630410571554,0.8322701250830282,0.9843422337951889
CAES,Brazil,2037,0.9336441936950214,0.9324241352226881,0.002261928760164618,0.04755973885719536,0.10928524212549853,0.062247184944338674,0.8561802685799856,1.0145955699420313
CAES,Brazil,2038,0.9550334701824835,0.9542184848497979,0.0025200670024379864,0.05020026894786508,-0.08306230273342669,0.2622731522329653,0.8713740035915024,1.0360881527612298
CAES,Brazil,2039,0.9803798411159651,0.9823164459744151,0.0025550304508142993,0.0505473090363305,-0.04519865554707744,-0.017328200568000884,0.8954440990633604,1.0626884275462098
CAES,Brazil,2040,1.007050777791017,1.0082254936253934,0.0026855030987708215,0.05182183997863084,-0.0588954499944935,0.094383666395085,0.9170523179402836,1.0924114591718717
CAES,Brazil,2041,1.0319838711715004,1.0342260017245615,0.0026282819792835727,0.05126677266303754,-0.08578498496505933,-0.12030322536123306,0.9485488756866847,1.113700903751654
CAES,Brazil,2042,1.0567533365181356,1.0571493716449378,0.002757183770920298,0.05250889230330705,0.06560709875009581,-0.15345511517281274,0.9719866039497179,1.1445198928443363
CAES,Brazil,2043,1.0817691099524938,1.0818914999758968,0.002938539374228828,0.054208296175298,-0.0501821443218851,-0.1599016188323894,0.993368118415555,1.1724776508467987
CAES,Brazil,2044,1.1083818123297655,1.1071584350736323,0.003031949818417902,0.055063143920574514,-0.040449684365038055,-0.08445105646251339,1.022018981953399,1.1985876406645795
CAES,Brazil,2045,1.1358254675070947,1.1353285918642242,0.003403572440299848,0.05834014432875401,-0.05242928492248286,0.4694604320524478,1.039889159697465,1.2288632827181176
CAES,Brazil,2046,1.163211203362837,1.1620135146614352,0.0035095133086081817,0.059241145402567814,0.052829389944478625,0.050201796162201884,1.0659655489639024,1.2558421422291937
CAES,Brazil,2047,1.1831487748826524,1.18417191061368,0.0036186021767662885,0.06015481840024362,0.06164931324919723,0.30943881562255093,1.0877137949504656,1.280126008734877
CAES,Brazil,2048,1.2094822502042721,1.2098491746837858,0.0035520873257301375,0.059599390313409564,-0.015948318402059423,0.02133740821561858,1.1076724926253967,1.3091597158833033
CAES,Brazil,2049,1.2315283448499061,1.2311739307561558,0.0038482022154400493,0.06203387957753448,-0.0950860818687027,0.03713885283010754,1.1221673086126243,1.3301178351703282
CAES,Brazil,2050,1.2587252703136063,1.2583188976277908,0.0037828793367656395,0.06150511634624911,0.009187375769684801,-0.23183977832480762,1.1628916221615369,1.3594718755657687
CAES,China,2030,5144.319708912126,5156.014322141849,146183.42165179458,382.3394063548702,-0.10772633626049022,-0.3805714286430293,4520.967260675154,5754.102919589124
CAES,China,2031,5343.088837201853,5343.735344557745,176148.62646112044,419.7006391002049,0.020109894633156194,0.00699527280569745,4665.659340459301,6042.750309658162
CAES,China,2032,5506.953034382504,5503.411458261688,161636.83476370035,402.0408371841104,-0.041073367162450324,0.0857868147014913,4844.518602909524,6174.324751238465
CAES,China,2033,5696.021875618152,5702.977887919633,188494.76828526208,434.1598418615684,0.05010390378645584,-0.0894535608020317,4982.575024690342,6402.480575031507
CAES,China,2034,5875.918118174163,5888.456525378802,192365.15294605764,438.5945199681109,-0.10332976701037042,-0.059282058399261484,5116.560436343142,6588.577067829308
CAES,China,2035,6057.942577041213,6069.595771954871,204036.4880898366,451.7039828137855,0.011874315844713445,-0.09847478821812095,5327.587453542898,6810.551191788325
CAES,China,2036,6224.003737677906,6210.051129158981,233301.27413198634,483.0127059736486,0.008521402448332906,0.014847893976425386,5445.942765906998,7033.964812904816
CAES,China,2037,6420.410572866416,6422.344351761007,246474.16285164942,496.4616428805446,0.14518196306869915,0.1612275075533982,5633.257808685046,7236.766196929808
CAES,China,2038,6560.526762564162,6570.34718692408,253991.43892434283,503.9756332644891,-0.12666412551861908,0.03791372803963977,5711.122877781493,7362.808819606287
CAES,China,2039,6757.190698910604,6747.872352959809,273160.9548795089,522.6480219799065,0.0678459923108061,-0.07030796340632062,5918.257551510937,7653.14526772432
CAES,China,2040,6914.741843930763,6905.788455764394,274698.0053152687,524.1164043561971,0.10413459900112093,-0.10056624680965376,6050.836149635816,7795.982421325378
CAES,China,2041,7146.460910135336,7137.048095984746,272403.8378407847,521.9232106745059,0.07638826177825259,-0.1771221755698238,6270.071612989707,8014.746935888137
CAES,China,2042,7311.318343115801,7301.579515974701,304602.76062692056,551.9082900509111,-0.10455041235936402,0.10580861713683598,6440.26113118085,8221.404638240472
CAES,China,2043,7474.942762481349,7493.883850824782,304124.07647836517,551.474456777796,-0.02968679903958936,-0.05229606076871196,6558.931048197878,8363.887351361624
CAES,China,2044,7668.731007286031,7637.722510762992,314412.31344205124,560.7248107958584,0.1698341907401027,0.21766156415827176,6785.385572962431,8575.508691827341
CAES,China,2045,7831.753313425207,7804.687875792804,351873.1988558665,593.1890076997942,0.11809123241900578,0.18617049512296102,6899.053003442005,8859.836315839406
CAES,China,2046,8006.848132060309,7997.568199087098,356321.66923283105,596.926854172964,0.06648544566543049,-0.21637322316260166,7032.762154880831,9014.853414769566
CAES,China,2047,8210.83566380526,8215.532816714862,402225.5776721274,634.2125650538054,-0.1026194739183877,-0.15594033426502962,7107.355815034336,9210.857551958892
CAES,China,2048,8435.417973544188,8411.505368051832,410867.5614670475,640.989517439285,0.08487196010885799,-0.10368651216349134,7406.191250661495,9505.222379819279
CAES,China,2049,8570.904946578941,8577.655204325147,453517.7467512909,673.4372626691301,-0.09181554287231551,0.3448173161975272,7422.38893931153,9642.92284977775
CAES,China,2050,8754.413218433629,8748.779539188701,453205.40147328185,673.2053189579549,0.0028479198168292986,-0.02266259958210659,7640.73150367116,9851.028022104252
CAES,United Kingdom,2030,14.079721851699292,14.097467267810703,0.5374864392509371,0.733134666518326,-0.10102340431255197,0.09749400592594348,12.852858560345334,15.23018715529141
CAES,United Kingdom,2031,14.53412634015154,14.550530310148819,0.610512317525575,0.781352876442888,-0.01735495775223631,0.15851020793441561,13.235948146918926,15.831416854204031
CAES,United Kingdom,2032,14.95975505933563,14.93231092692598,0.5798709197596913,0.7614925605412645,0.023578778728174318,-0.023336649771469542,13.716180705332757,16.251627696194486
CAES,United Kingdom,2033,15.425603011050617,15.456328644229652,0.6437918290821768,0.8023663932906069,0.03170916478599298,0.04433291250486704,14.08614831574681,16.761489000584326
CAES,United Kingdom,2034,15.878988971374728,15.878572401811972,0.6311719541588793,0.7944633120282392,-0.022378610191802806,0.009451986583039584,14.579448650882531,17.174143599936272
CAES,United Kingdom,2035,16.273623072445023,16.264751804403698,0.7099255394214191,0.8425707919346713,-0.07127365798182271,-0.011622546765875263,14.892703713383762,17.62566713885119
CAES,United Kingdom,2036,16.73164790049937,16.740063518579753,0.7277826270778118,0.8531017683007179,-0.00512462190313308,-0.11140634831633367,15.387954224373068,18.0883575367845
CAES,United Kingdom,2037,17.161479176496485,17.13857201361356,0.753496112902209,0.8680415386962821,-6.182346778984815e-05,-0.18191887119586392,15.7222002847879,18.621380657042987
CAES,United Kingdom,2038,17.648871916520786,17.657356842643722,0.8424146464799384,0.9178314913315725,0.01994215092300192,-0.32676933684438403,16.160081818049658,19.165738149484426
CAES,United Kingdom,2039,18.11181421039034,18.095709791873098,0.9092191257043988,0.9535298242343544,0.010111982644391651,0.11846443673422957,16.53116950247888,19.58183687448113
CAES,United Kingdom,2040,18.53296559542123,18.56522901681606,0.8890863614575559,0.9429137614106371,-0.11623603293898013,0.05893904314754739,16.94088340105462,20.020208289042607
CAES,United Kingdom,2041,19.000163481076665,18.986975501981263,1.0163566132171478,1.008145134996518,0.015993677372606603,-0.05012660988978679,17.380045603067508,20.68020123325875
CAES,United Kingdom,2042,19.38674162703562,19.438302292860104,0.9825620138539392,0.9912426614376215,-0.04371590519549305,-0.14739272467962117,17.763868931686496,20.995082234884116
CAES,United Kingdom,2043,19.874240937652587,19.859351832200765,0.9572971385849863,0.9784156267072732,-0.0011067060889832032,-0.01774928131577269,18.301494550163376,21.551575931983596
CAES,United Kingdom,2044,20.306481115027317,20.297602975687717,1.0611370177613333,1.0301150507401264,0.00022336005581994294,0.022289059757556462,18.622937683186322,22.081372597937506
CAES,United Kingdom,2045,20.749169095583163,20.770448263909582,1.1296119977484782,1.0628320646971836,-0.06738015703995276,-0.0672902110066036,19.01218294356866,22.41600641945213
CAES,United Kingdom,2046,21.232508702723504,21.236848178546495,1.171761906461494,1.0824795178022972,-0.050503033700768814,0.07628289499680196,19.44962903743377,22.998048431563927
CAES,United Kingdom,2047,21.67088318363787,21.65664798930883,1.2423620934477286,1.1146129792209172,0.05963152092986424,-0.040370652218690406,19.852349390076743,23.53307556025238
CAES,United Kingdom,2048,22.042796449462692,22.0773811934099,1.2935139731802705,1.137327557557747,0.0025464834883241485,0.08526261557157477,20.204341364988963,23.868580291992416
CAES,United Kingdom,2049,22.50073471147813,22.529161636270985,1.4162251992957564,1.1900526035834535,-0.08857296833215957,0.18795848952625827,20.634757368643236,24.40384975617482
CAES,United Kingdom,2050,23.036039602122337,23.063372059360322,1.4497644014274487,1.2040616269225795,-0.09042173187851167,0.004168558802236877,21.045495636190413,25.010784802915904
CAES,United States,2030,15553.709877940119,15551.629076380032,1960020.1125243015,1400.0071830259662,-0.12455572151355299,-0.13374368796308733,13172.79035155914,17719.893062751347
CAES,United States,2031,16121.794072442766,16078.87908338361,2037205.1252599023,1427.3069485082394,0.09032940745603263,0.2964706888211963,13820.848099237992,18487.189035070012
CAES,United States,2032,16650.734603675388,16619.76532678784,2133771.8355443603,1460.743589937796,0.1377185980924864,-0.30266885598203164,14276.234165938431,19054.26662692306
CAES,United States,2033,17210.84584533045,17194.07238779399,2181876.8253081627,1477.1177425338044,-0.13630533306401602,0.09925577798801744,14698.351685451007,19576.896288920445
CAES,United States,2034,17671.23986332209,17662.037748923078,2555228.832570072,1598.5083148266924,0.022627557607688913,-0.060151360347011185,15082.747570436113,20347.2543822876
CAES,United States,2035,18119.529945654147,18101.822134795482,2548201.148269908,1596.3086005750606,0.09403928036641498,-0.07886456301579159,15616.20386428317,20752.122746742643
CAES,United States,2036,18725.630336712733,18748.564266313617,2780829.95712919,1667.582069083615,0.03352284773039609,0.17957578409169317,16013.40349423623,21510.30139775919
CAES,United States,2037,19226.01793666844,19252.47411477213,2848600.391061769,1687.7797223162058,-0.10969611859448762,0.05716825070846765,16360.731568771724,21911.5244338391
CAES,United States,2038,19763.052898736172,19731.908010174804,2823181.857259759,1680.2326795000029,0.04118795028410272,0.11055427867898127,16991.292954690663,22555.13743190273
CAES,United States,2039,20300.6161422147,20211.017835310486,3361058.4561527004,1833.3189728338875,0.07739275689600457,-0.20384952381808974,17408.396241318027,23488.30202878553
CAES,United States,2040,20871.843929341583,20887.265554643942,3229143.4621287747,1796.9817645509859,-0.08943062964306837,0.07034482979954726,17990.0426038875,23845.36612326552
CAES,United States,2041,21313.140268750376,21344.542296454172,3640383.690546058,1907.9789544295445,-0.12149850837121626,-0.1321776841661606,18100.660031323103,24356.40579499653
CAES,United States,2042,21901.98484457037,21898.248188668476,3632502.412438085,1905.9124881373973,0.06246087240854325,-0.18726585543386332,18943.590969101817,25200.273104360567
CAES,United States,2043,22432.31864551061,22498.854546100672,4211606.441221919,2052.219881304613,-0.16603834821548072,-0.007461901810450922,19160.863219680603,25672.640569954474
CAES,United States,2044,22991.82155196756,23033.951885821618,4358810.795550579,2087.7765195419215,0.019325421958543847,-0.09120345954853848,19664.13134458812,26393.871308895927
CAES,United States,2045,23441.601138469705,23460.241733418283,4311606.371513741,2076.440794126753,0.08037884951121382,0.07031301175625027,20066.349044237548,26815.77634544444
CAES,United States,2046,23855.31116811683,23918.133160334517,4328944.065107766,2080.6114642353978,-0.10407896235024505,-0.06775958677362048,20627.984050901567,27387.885768476666
CAES,United States,2047,24565.101829806692,24641.41441705568,4803387.07248363,2191.6630837068983,-0.03005217870472701,0.09137544213605331,20982.818936116277,28142.043082299922
CAES,United States,2048,24978.047596344084,25050.10687662542,4971268.530340061,2229.6341696206714,-0.0017400988435721464,-0.04972028739372769,21270.193948848024,28692.055720606215
CAES,United States,2049,25543.370594017957,25416.165043372108,5037969.360711968,2244.542127185847,0.06919214919420871,-0.37003953831141345,21802.141095649233,29260.107360323796
CAES,United States,2050,26030.29202707551,26021.813875545657,5135139.254435705,2266.084564714147,-0.02336488285140834,-0.03659059213418869,22209.428300087086,29801.809782564796
LiB,Brazil,2030,213.63877437414962,213.7942055550511,210.27965632788383,14.50102259593729,0.10469041250993699,-0.08663640193711286,190.23034970303942,237.70045140980346
LiB,Brazil,2031,219.15403992123166,219.02198315042813,240.93358127134664,15.522035345641584,0.03533499636407597,0.09816170586982054,192.83053786879057,245.48539066258644
LiB,Brazil,2032,226.21329529203163,226.11524038176975,271.0677840192026,16.464136297395093,-0.02861730903964178,0.052098811077783136,198.61592315733697,252.52881536286503
LiB,Brazil,2033,232.37515494098042,232.90492329133198,273.7438637174725,16.545206668925974,-0.10534312356873032,-0.015991047202596143,205.13751464265331,258.5928328251278
LiB,Brazil,2034,238.93246926578374,239.20540236398318,292.87452073001396,17.113577087506105,0.01249216136567916,0.24273499351574346,209.37132314480849,266.6893003284778
LiB,Brazil,2035,245.56332507233816,246.08617356949088,310.55466543630723,17.622561262095452,-0.07920910281473677,0.10292507007729856,216.1750022685506,274.54278527287846
LiB,Brazil,2036,251.9249242421379,251.6418253362919,309.14923715635575,17.582640221433063,-0.013561785026650237,-0.19568326036422512,222.73339311223802,279.7263952372144
LiB,Brazil,2037,258.4649692741087,258.07777216414297,317.00404958984905,17.804607538214626,-0.04787969545912682,-0.040496389383825715,230.25825491616328,288.9735851661842
LiB,Brazil,2038,265.4263915529115,266.332745255389,349.8523305761996,18.704339886138715,-0.03482037965762844,-0.11446181276558764,234.31582902001807,295.19220041586806
LiB,Brazil,2039,271.6404525475723,272.4757388398741,376.6722316672172,19.408045539600767,-0.15066736453894897,0.022929634047981207,238.8568753193709,302.0458852011054
LiB,Brazil,2040,276.8950247861187,277.1102813606735,384.7152498284415,19.614159421918682,-0.10681541942154757,0.21148583189902936,243.5774284171519,308.5635159004544
LiB,Brazil,2041,284.80780555304307,285.1142399797105,380.4692554368108,19.505621124096788,-0.09930667220268986,-0.2500131590921746,252.9155699426643,316.28475380760136
LiB,Brazil,2042,289.6482762940806,289.5526234085995,407.82721087882896,20.194732255685615,-0.04729003000950032,-0.20259123700349768,254.86669448408486,321.63848860707793
LiB,Brazil,2043,295.831058436364,295.8122964550105,421.44424073898614,20.529107158836357,0.02050257104631304,-0.06941276990253664,263.11050473863884,328.7404415765563
LiB,Brazil,2044,303.08974596979186,302.26936729568695,475.20589647250046,21.79921779496917,-0.01210503053565332,-0.028397039939067614,267.20225284136603,339.3341188416352
LiB,Brazil,2045,310.6210034694692,310.9439214324233,489.659049231558,22.1282409881933,-0.056653379931751374,-0.27819658096332933,273.641626812571,346.58089363924387
LiB,Brazil,2046,317.21370212803134,317.85197969427634,501.3110912666228,22.3899774735622,0.056563527908100354,-0.13249279405540104,280.30787957087523,354.95543222724143
LiB,Brazil,2047,321.99278286743726,321.63266153336394,552.894751654507,23.513714118669277,0.13392698070220446,0.4177698435587014,284.5210402074156,360.1472223582004
LiB,Brazil,2048,329.39054763559824,329.17989533862516,510.73907947365086,22.599537151757133,0.036854188281108355,0.11212113038843574,289.98573083660256,365.1867561379658
LiB,Brazil,2049,336.5597850569322,335.746688126051,622.9694255944629,24.95935547233668,0.03941585683359759,-0.04445400406465838,294.6914846743686,378.40509862725685
LiB,Brazil,2050,343.3262831179255,342.2725915330324,600.7984803227527,24.511190920123664,0.033008770164367505,-0.050439078591785425,304.19348967561524,383.5690194209715
LiB,China,2030,35857.25418049422,35700.94568523015,10647014.427507937,3262.976314273203,0.0678690824698197,-0.10580781029754949,30816.221839193844,41410.443862533124
LiB,China,2031,37010.58039964537,36870.129869245146,10908557.215179823,3302.810502462989,0.17286694265550942,-0.12355929485454631,31842.03865890735,42521.09756767135
LiB,China,2032,38404.50249964747,38507.48123386862,11673338.659333954,3416.6267954422465,-0.07184140328772376,-0.2027659428875741,32917.610772335305,44012.43836963805
LiB,China,2033,39613.711768882415,39553.26848047947,11820240.059550922,3438.0575998012196,0.07445230755909685,0.1717757661863537,34093.15918755057,45343.01472811909
LiB,China,2034,40706.695641243015,40567.19048502066,13077224.904725693,3616.2445858550127,0.14545327049618634,0.05855193358122612,34926.20131579879,46723.95684546531
LiB,China,2035,42090.02392271907,42110.73928497608,13641776.070639374,3693.4775037408003,0.007571291080066159,0.07958180049180719,36338.45678606391,48270.82693536638
LiB,China,2036,43227.431760534804,43165.75407219987,13318723.754244616,3649.482669399132,-0.05681467098014325,0.2360290332527506,37156.2477878396,48952.30482724647
LiB,China,2037,44694.09655061635,44619.73460472914,16808052.53928791,4099.762497912277,0.008827836160534425,0.03189640342524758,38018.945668129076,51690.73070700263
LiB,China,2038,45924.83635181597,45960.42881045774,15372791.307397967,3920.815133030116,-0.07765063341354139,-0.254617859937603,39270.6752215853,52330.46668406542
LiB,China,2039,47108.99439821018,47141.90874593136,18691947.040002685,4323.418443778335,-0.04832918480232082,0.05321949352561006,39920.54587987345,54329.00622569959
LiB,China,2040,48452.78524492391,48409.38372826215,19447036.93659084,4409.8794696216855,-0.02583437108277831,-0.002639657165298903,41208.56980014533,55593.98388175921
LiB,China,2041,49737.837163846336,49856.23485865438,19603229.36875181,4427.553429237394,-0.02402619533126048,-0.014955726826663795,42337.86718890661,56822.95113534077
LiB,China,2042,50901.053529638295,50912.50467564292,20527060.562375408,4530.679922746189,0.046888031881780985,0.34961496098577527,43628.24153463177,58443.62543930156
LiB,China,2043,52152.28273711918,52257.29619589927,22021861.122390725,4692.745584664774,-0.03548472178261781,-0.1939638148197127,44371.86915746074,59670.811434094256
LiB,China,2044,53379.309650082374,53314.77854309919,23227135.438054368,4819.453852674011,0.13146817236714603,0.2486452843286333,45774.86879421875,61188.81232408342
LiB,China,2045,54617.74827639045,54542.86081198041,23537280.907938566,4851.5235656377645,0.1142698586558344,0.322825037269054,46745.95156277104,62334.87285897238
LiB,China,2046,55810.22314414909,55905.05553334796,23369574.748675574,4834.208802759307,-0.046140926960633724,0.06646030666560776,47435.98583391031,63835.88221719448
LiB,China,2047,57541.65287194673,57608.73215620008,24857701.72201679,4985.749865568548,-0.020520911878729366,-0.11528713228411425,49337.46941909435,65479.42380956481
LiB,China,2048,58181.73381343233,58130.004014664955,26575410.72560312,5155.134404222951,0.06698936218948096,-0.2505791975373173,49644.23098442245,66478.00356963727
LiB,China,2049,59731.72295608011,59625.941680035234,29739495.752454024,5453.393049510921,0.03150837677961831,0.4092143714748011,50770.134546772795,68439.39356725871
LiB,China,2050,61164.66403875294,61005.35327516987,28565505.748100016,5344.670780141656,0.07561026990692557,0.11823867648395492,52258.530501278954,69857.32462539479
LiB,United Kingdom,2030,3890.568730352022,3890.927443355209,22527.689582180166,150.09227022795068,-0.09974654379038901,-0.09137134536250358,3643.5102952114253,4134.560584183228
LiB,United Kingdom,2031,4033.1842625587374,4032.5027350061628,24181.658721111908,155.50452958390605,-0.05843138372992766,-0.005233030346612377,3776.7814065132943,4289.373551504375
LiB,United Kingdom,2032,4168.963042322486,4169.198150889906,27738.983041216943,166.55024179273036,0.03755528934965812,-0.18115065150251386,3903.760191744413,4440.813603954671
LiB,United Kingdom,2033,4298.270878228642,4298.4788585851475,27984.192629681624,167.28476508541243,-0.044569662943771036,-0.17651819568842608,4019.6924670066705,4566.200047928953
LiB,United Kingdom,2034,4432.072706993887,4423.759707023175,28933.86462987998,170.09957269164428,0.061002875252255936,-0.10507442828515057,4156.452044242421,4728.847207405615
LiB,United Kingdom,2035,4574.259167104467,4586.582755318432,29570.68113128976,171.96127799969898,-0.07345985078408483,-0.33997741449186014,4296.452265488895,4861.073731678622
LiB,United Kingdom,2036,4703.929899125811,4707.935454176934,35055.115215574595,187.23011300422428,0.02398217336066889,0.012908544569961933,4393.247590287868,5010.047797627608
LiB,United Kingdom,2037,4850.716452359597,4850.873406176441,37802.1937933583,194.4278626981182,-0.04262524264435386,0.3602269975084318,4547.806502585046,5168.366325471616
LiB,United Kingdom,2038,4990.403739524295,4987.791890223343,39904.59837686068,199.7613535618456,-0.0007912543736178463,0.05076684168083334,4664.5952877730915,5314.527364897429
LiB,United Kingdom,2039,5122.589064375001,5123.605215379768,39437.33327233327,198.58835130070764,0.0968688775603746,0.17781147882152748,4793.441364190873,5459.913478347838
LiB,United Kingdom,2040,5263.543252586971,5259.908046769086,39507.69069171567,198.76541623661714,0.08980740287877725,-0.15202048055745054,4940.495277160793,5591.202251639045
LiB,United Kingdom,2041,5398.074889435571,5397.731129151653,41461.85207838634,203.62183595672235,0.051862489061799175,0.15254692470343345,5056.628686553249,5731.269732841153
LiB,United Kingdom,2042,5543.497118494797,5537.063926023815,49750.68607097236,223.04861817767974,-0.01566108486633117,0.22183573681207935,5195.916527583679,5903.161885091006
LiB,United Kingdom,2043,5684.106651876692,5685.881606843423,47948.163290132274,218.9706904819279,-0.033329933890220945,-0.19547959257980274,5332.970874298887,6044.622475380532
LiB,United Kingdom,2044,5814.151168827978,5817.350377838466,53260.43798728101,230.78223065756387,0.05013261581317277,-0.040618235107288125,5439.253661426129,6200.3447299215495
LiB,United Kingdom,2045,5942.499073526971,5932.869745877598,50217.393693120044,224.09237758817244,0.08070187494162338,-0.10254439746769872,5590.585650217787,6322.605401566592
LiB,United Kingdom,2046,6093.716113976785,6099.598076476475,53528.64638244371,231.36258639296827,0.03145480435175683,-0.1366178316790041,5718.847546828738,6463.086664182472
LiB,United Kingdom,2047,6231.419288828564,6227.799578308336,58557.50751189513,241.98658539657757,0.046630418252887544,0.02951140587572887,5828.58598294885,6638.347658644883
LiB,United Kingdom,2048,6381.578581700685,6383.582324235045,57450.29833337108,239.68791862205128,0.057032900952970596,0.006320391162505601,6007.00203795892,6786.84095332866
LiB,United Kingdom,2049,6506.259784898572,6502.423799109223,60923.75160941272,246.82737208302632,0.043492628789502386,0.10263310474508058,6103.700697358545,6914.55718085739
LiB,United Kingdom,2050,6632.327781863174,6632.498733346968,64950.68861206033,254.8542497429861,-0.01245751685215265,0.021732559125086315,6205.749248563834,7043.170865682602
LiB,United States,2030,37581.75912494909,37613.67106749209,5558625.8420783235,2357.673820119807,-0.028844491115994,0.39194325526910223,33669.744713473796,41368.1740985728
LiB,United States,2031,38937.470309135686,38867.12845784268,5645841.771112727,2376.098013784938,0.006903742358757186,0.026478413034008774,35024.169558004905,42757.2728852341
LiB,United States,2032,40334.566493872495,40355.60309356269,6043963.982534919,2458.447474023986,0.012991584315919617,0.22592214398357102,36360.24387788854,44601.110681020706
LiB,United States,2033,41645.37150108264,41536.79608560176,6091917.034548657,2468.1809160895514,0.07981558385425572,0.20295144641018847,37841.85215099996,45767.05148695974
LiB,United States,2034,42922.003611584056,42915.01117178483,6531436.273697247,2555.6674810501554,0.04272960354985368,0.007732958045045812,38750.492763557195,47309.953911530654
LiB,United States,2035,44322.705273964864,44281.17025603213,7147924.530421242,2673.5602724496866,0.08093019624772849,0.044464628916765836,40339.913820492664,48562.36679457735
LiB,United States,2036,45460.54327452546,45433.26581487608,7720956.352424,2778.660891944895,-0.1282932574772663,-0.2565064520154148,40703.08826423278,49760.181140857356
LiB,United States,2037,46988.459280213734,46979.332610704536,8111895.626997001,2848.1389760678817,-0.011927983872052897,-0.12318542981558434,42125.84701914692,51756.99439381857
LiB,United States,2038,48026.48110426902,48055.40186209218,8156919.465443163,2856.032119119665,0.03456764842717579,-0.2569356664082463,43173.18353688866,52697.493731116505
LiB,United States,2039,49545.39611116648,49457.78112598152,8418207.865610668,2901.4148041275776,0.14333048730452616,0.06236207959372386,44972.23874442998,54404.464181200594
LiB,United States,2040,51013.81021447959,51028.35973232907,9168767.24455666,3027.997233247854,0.058610572124899306,0.3440694611473427,46122.95246288622,55963.23074138548
LiB,United States,2041,52245.97146818918,52502.207913645274,9929001.343606718,3151.0317903199134,-0.14543257526543782,-0.1700182013255298,46899.39105742462,57001.866645233385
LiB,United States,2042,53577.989167234075,53630.83062639944,10126139.483049402,3182.159562788988,-0.24597742915522003,0.23891024573397246,48163.1380506339,58582.197463836805
LiB,United States,2043,54848.25029685131,54721.096083179786,11038827.37667319,3322.4730814068594,-0.03768456499126306,-0.0788662030034204,49504.28369577624,60225.45009314276
LiB,United States,2044,55966.453267129546,55978.515345232205,12085862.433967028,3476.472700017509,-0.046789540741970996,-0.20181147628214502,50272.2550232616,61642.24751965293
LiB,United States,2045,57434.756331434015,57283.46610499165,11603051.795599163,3406.3252627427055,0.16410627611990325,0.21342418218330472,52120.3725452896,63434.904496064344
LiB,United States,2046,58685.4347507823,58755.22713811898,12577465.957142213,3546.472325726258,-0.07489077978040364,-0.06075760904352956,52371.42340767056,64191.05569330395
LiB,United States,2047,59866.437033489274,59769.723099594295,12453972.59203517,3529.0186443309094,0.031117965875812774,-0.18445463591071487,54001.55755078432,65584.1482002589
LiB,United States,2048,61449.5930903971,61395.35060857855,13550962.769156454,3681.1632358748307,0.09266917462755488,0.09876710594144944,55505.97402206412,67691.79012226374
LiB,United States,2049,62660.56716043975,62699.55467298129,14542916.482779836,3813.5175996420726,0.024302369618154743,0.23139888819516674,56101.31272950412,68610.73852388047
LiB,United States,2050,64016.53533756384,63752.539299980184,14431029.342127888,3798.819466903881,0.07204866886225901,-0.27284667762578296,57881.370419654704,70497.42307207057
PHS,Brazil,2030,2593.6416304270338,2594.1634935693464,516.2615690687909,22.721390121838738,0.02330756376462941,-0.20462518986081113,2556.6172416187346,2630.9789922340806
PHS,Brazil,2031,2593.620479663495,2593.76234226378,471.616135732397,21.71672479294235,-0.027410684411533052,-0.2205970286707859,2557.551941068127,2628.9510860504506
PHS,Brazil,2032,2593.0170491563895,2592.9487960092724,499.2266991884269,22.34338155222765,0.004839126885305141,-0.08057395254239141,2558.150421658449,2630.5576011020053
PHS,Brazil,2033,2593.122467670491,2593.9222647477945,419.25138763965674,20.475629114624457,-0.06610701225930034,0.11824755946308763,2557.7659913355787,2625.4224206005206
PHS,Brazil,2034,2593.0043891149367,2592.802414678941,445.9496019619143,21.11751884009848,-0.0284971142862435,-0.22625015380574265,2557.7790461152085,2628.196232815879
PHS,Brazil,2035,2593.236263088703,2592.61202412082,442.06547783714956,21.025353215514585,0.059291180589433404,-0.23492261071789322,2558.5022323871613,2627.519814239095
PHS,Brazil,2036,2591.9854157773752,2592.002369345987,481.42634404320296,21.941429854118507,-0.0004216638444733015,-0.06876497921024383,2554.841791032618,2627.3811454279744
PHS,Brazil,2037,2594.336160617472,2593.6962758059276,465.1876204476733,21.56820855907308,0.12138885714902592,0.169636130167103,2561.0337792750424,2632.1850282116975
PHS,Brazil,2038,2592.8996057824424,2593.362410588872,481.7543795388699,21.948903834562444,-0.09801414476017972,0.32589958387285156,2557.0227834198645,2627.537681990383
PHS,Brazil,2039,2591.953466015217,2593.079432570854,466.4191311964616,21.59673890189122,0.06088033574226012,0.04044863792958031,2555.851992503029,2627.3841600328583
PHS,Brazil,2040,2592.215192412799,2591.907325004865,449.23617245402426,21.195192201393795,0.042663508400555356,-0.09517237111596044,2557.839681063392,2629.0252238062917
PHS,Brazil,2041,2592.344780881966,2592.7347269959605,491.72923763624703,22.174968717818906,0.06367847178927721,0.13893357295194075,2555.924045217375,2627.9720529831698
PHS,Brazil,2042,2590.995856008331,2590.284045713648,446.59605237115693,21.13281931903921,7.514610298673743e-05,-0.07089210287287795,2555.9659892645,2626.452711403103
PHS,Brazil,2043,2592.89611559895,2592.989871011012,464.3692657844179,21.54922889071481,0.023093423824364363,-0.045900467989945515,2558.0580550288737,2627.8891714693896
PHS,Brazil,2044,2592.9115884422213,2593.4419817653543,441.5779186269209,21.013755462242365,0.07529097044320435,0.20365871531948843,2559.2330700661746,2625.4572693263813
PHS,Brazil,2045,2593.619820194385,2592.931319291653,484.82545272685826,22.018752297231973,0.006571671765767909,-0.23840426235788215,2557.1630115485477,2629.0435197242373
PHS,Brazil,2046,2592.608668024457,2592.5369705055678,502.6649307344184,22.420190247507232,0.024151659050514977,-0.09114297155370954,2555.808015287127,2628.592181736202
PHS,Brazil,2047,2591.786624948621,2590.8077550895027,475.804546192916,21.812944464077198,0.039113093151650784,-0.1873408058447228,2557.358735920182,2628.8284704633484
PHS,Brazil,2048,2593.695473596658,2594.1394324507737,477.15432860916405,21.843862492910088,-0.05255958487674967,0.11565660152063373,2557.8175933313587,2628.8466109765222
PHS,Brazil,2049,2592.3858964850983,2592.396317009515,469.77576476132157,21.67431117155333,-0.02701509946112316,0.0009090401750424526,2557.8150037743667,2627.271900560322
PHS,Brazil,2050,2592.837890010295,2593.4740744409073,496.7040149651066,22.28685744929299,-0.06767663153486408,0.13494581487854473,2553.847664597419,2627.767786970151
PHS,China,2030,383138.8947923271,383908.2586180063,1071308587.191236,32730.850694585315,-0.07752806763267278,0.044873602250537825,328446.9396441672,436720.38824430446
PHS,China,2031,380890.47343968,380570.7765786194,1151496794.5127473,33933.71177034348,0.018806383149783716,-0.06048459962435393,325032.660623881,437049.56772327825
PHS,China,2032,383001.8748926616,384495.5314302603,1041041903.1668814,32265.180972170005,-0.12496118096892521,-0.22403333185332386,327570.01928305154,434757.08467242087
PHS,China,2033,379634.0608595746,378800.3714736664,1038547231.678766,32226.49890507447,0.06507701383182737,-0.07875564768316767,328578.78233249526,433925.32395495864
PHS,China,2034,381870.96914023795,381345.21952254267,1060070546.9059273,32558.72458966916,0.08619163612283536,-0.02869460019907244,330234.7298867534,436010.1568013432
PHS,China,2035,382051.052048859,382355.74445324164,972537763.5972952,31185.537731411576,-0.06594698084399918,0.07619085761255118,328929.55251570244,434323.8234688685
PHS,China,2036,380373.2770673481,381128.2512965286,1153960905.428927,33970.000079907666,-0.0911642201546291,0.10193577940732457,322988.2151914537,436419.3295618368
PHS,China,2037,381945.738477061,383064.81165398285,1002573485.5295119,31663.44083528371,-0.022264453916434255,-0.19301462902888877,330324.89485037955,434336.7186737496
PHS,China,2038,381749.16036747675,380300.9748381283,1216973577.2779305,34885.14837689429,0.10609452235246154,-0.13080249226891105,327358.9329262431,440843.7083726726
PHS,China,2039,380132.826243387,380036.75973106246,1018087408.255488,31907.482010580028,-0.019679615709748514,0.03933239318852788,328153.56790687,432206.25883915316
PHS,China,2040,382997.4244578763,383030.8370660676,1049742647.380748,32399.732211559218,-0.02309539723908367,-0.020008975495128922,330530.45949009643,434699.108431805
PHS,China,2041,382227.2778873608,381443.7963942895,1044052662.5806166,32311.803765506756,-0.016763869964435203,-0.02895024907116328,328379.8957564092,432414.78139545897
PHS,China,2042,382053.5450762534,381267.92302908277,1120444653.987126,33473.043691709994,0.028732854285015576,-0.09348248554429484,327959.68884169875,436990.27410892764
PHS,China,2043,382678.6425324822,381654.5484588294,1040968506.1749549,32264.043549669266,0.16637306851524655,-0.05364619276936944,331792.58953593404,435723.7363974173
PHS,China,2044,381418.43505993043,381471.0247371814,1131037619.0287519,33630.90273883162,0.04090562641283149,0.1327294165377082,326529.38034617493,438749.0648937787
PHS,China,2045,382951.9162445217,381715.469832408,1091306348.305019,33034.92618888408,0.07803101699028495,-0.09966252482910454,330202.3926767749,437543.501098631
PHS,China,2046,381858.0755583995,382913.1905188471,1034243601.9749088,32159.657989084848,-0.09749872691199993,-0.028849668039147236,326741.67116408935,432710.85101382
PHS,China,2047,381634.17615274136,382224.13288436714,1020907707.9983695,31951.64640512863,-0.07784655040258968,-0.003226937504342775,328624.9240402384,435392.3846671333
PHS,China,2048,382838.52918325644,382571.35968966555,1033017514.7255799,32140.58983163781,-0.07994933595482398,0.0589621887816727,329505.8909890671,437156.7333040008
PHS,China,2049,383116.79626245034,384089.40692537394,1146533265.1337771,33860.49711882236,-0.01695084938339515,0.2178381855532452,326822.3288472239,437364.62298171397
PHS,China,2050,383296.4222093387,383578.06664385065,1010796407.8906254,31793.024516246096,0.08872222679349327,0.03603979151910197,331806.9696021839,435564.1725526162
PHS,United Kingdom,2030,36701.26472092169,36680.04967040702,2026520.1673805187,1423.5589792419978,0.077026482512207,-0.08559148757209556,34319.382207717026,39176.94214554554
PHS,United Kingdom,2031,36666.21482671564,36647.249261610275,2101357.152120941,1449.605860957019,0.06139278561597928,-0.05895678476399091,34272.40673647481,39087.24295158113
PHS,United Kingdom,2032,36884.292738871205,36863.173982970984,1920218.0605468496,1385.719329643218,0.16025441854481215,0.06601220413118325,34674.64905961541,39139.925398282256
PHS,United Kingdom,2033,36906.539777575665,36844.42146825738,2015926.6012790836,1419.8333005247778,0.07590324317909918,0.17397583106337722,34610.42012045934,39264.06791176277
PHS,United Kingdom,2034,37019.89119797847,36973.41134987147,2052638.472568561,1432.7032046340098,0.19569131323751798,0.07556366611050036,34614.988382084375,39381.73758396114
PHS,United Kingdom,2035,37027.265237373285,37078.85989164133,2140185.386983848,1462.9372464271487,-0.143920475336177,-0.14190769183122942,34609.945735697416,39318.900372049335
PHS,United Kingdom,2036,37155.194848961386,37203.29381728194,2070384.3222926096,1438.8830120244695,-0.10701053159881074,-0.08196099981849247,34844.58401754181,39598.61502653175
PHS,United Kingdom,2037,37213.5303263572,37310.71680912352,2125255.5805593794,1457.825634484241,-0.15094520856070484,0.2061121165207025,34785.734467834634,39591.446130718236
PHS,United Kingdom,2038,37228.172768129676,37243.01795822504,1998750.5753088442,1413.77175502584,-0.003721841872360256,-0.20901964290993202,34874.323155118975,39501.49196139844
PHS,United Kingdom,2039,37332.742272768715,37362.65336895248,1963804.2815559262,1401.3580133413182,-0.011584698351545877,0.26158576923133614,34982.162277580086,39603.3849297498
PHS,United Kingdom,2040,37383.43989446617,37385.851553334964,1939988.015555597,1392.8345255469499,-0.13473535060232492,0.23032499751873425,35022.78241386433,39524.61298108567
PHS,United Kingdom,2041,37508.152878141445,37493.125962110535,1988352.5474813257,1410.0895530005623,0.07431717868796194,0.07975104283997725,35249.209503725644,39815.01822920107
PHS,United Kingdom,2042,37581.47743572227,37556.91098371718,2004168.9930066862,1415.6867566685387,0.04368692457540448,-0.14078920553452168,35251.00524107151,39974.79748159584
PHS,United Kingdom,2043,37647.29679744618,37675.49300207921,2080655.1848656752,1442.4476367846685,-0.008972814938593018,-0.0034209774775502133,35223.976501295336,39994.93203002834
PHS,United Kingdom,2044,37665.29933919928,37654.670316422154,2184894.4333961196,1478.1388410417067,-0.0009690532336355662,0.255291813793193,35314.83491298234,40017.90636775522
PHS,United Kingdom,2045,37872.5632620894,37877.881911376244,2374889.307805437,1541.0675870335594,-0.08696524905492452,0.35560373559670877,35467.82932564659,40340.03738372345
PHS,United Kingdom,2046,37810.08262012615,37864.19970519304,2264298.512333513,1504.7586226147744,-0.03086549255081052,-0.06499654171324254,35295.86575850677,40237.09717693303
PHS,United Kingdom,2047,37912.0449453724,37884.203299168614,2188012.487044045,1479.1931878710247,-0.01752590205619501,-0.06790282072723297,35550.091725517734,40258.30369827508
PHS,United Kingdom,2048,38089.60537241523,38107.40327460183,2142752.4186744555,1463.8143388676228,-0.0636803069016071,0.18124108854269227,35742.07548374855,40515.01326643164
PHS,United Kingdom,2049,38081.57120002567,38050.288146475876,2226338.11857979,1492.0918599670028,0.064244665764776,-0.11029485899049396,35774.63449597169,40557.88499753859
PHS,United Kingdom,2050,38140.065748748915,38181.699591705255,2140654.9958755127,1463.0977396864205,-0.1441190866193455,0.02083489347897638,35761.67842273753,40463.915471001754
PHS,United States,2030,243987.54290747386,244279.28413337143,77593594.68217269,8808.722647590437,-0.03956821290665679,0.2101107760900529,229381.57123806182,258549.9514417367
PHS,United States,2031,242182.82712833557,242019.32928288652,75084595.00583717,8665.136756326307,-0.06983939564184895,0.055450400431630964,227761.2635490245,256331.21982221687
PHS,United States,2032,240708.43886523318,240633.96320195583,66772925.978934586,8171.470245857509,0.03745025578600967,-0.1911254417900876,227587.07921605997,254008.82017524363
PHS,United States,2033,238331.7940144535,238312.32835460475,69841437.34786128,8357.118962169994,-0.003070620986727877,0.04517998255769662,224385.13750156228,251918.6078572883
PHS,United States,2034,237496.28416268175,237511.2155281218,67762466.87025589,8231.796090177155,-0.0376137167677488,-0.010950994535960934,223516.484063605,250999.9966798767
PHS,United States,2035,235614.98470013405,235312.18981045188,66661221.944081284,8164.632382666184,0.1257457367058629,-0.006839999246179396,222556.62559935078,249438.5239868099
PHS,United States,2036,234271.33955544437,234551.1187423244,66726633.0589819,8168.637160443712,-0.24499902654360964,-0.12886724930222426,220331.59257109865,246749.16039565587
PHS,United States,2037,232532.07407747573,232542.19439709315,66975669.28295077,8183.8664018268755,0.06627663381748766,-0.03701029396018907,219738.44880035208,246333.42253175806
PHS,United States,2038,231414.57889423182,231592.088883442,65865761.2902182,8115.772377920551,0.02112293189129626,-0.140431952878465,217996.6198517547,244539.61285507306
PHS,United States,2039,229351.3270951401,229427.2290235385,70968942.07927552,8424.306623056613,-0.04896094072649431,0.096168603263866,215400.9314484119,242617.20262469613
PHS,United States,2040,227174.2312657498,226959.0003114213,66734345.24311648,8169.109207442173,0.07062145750188811,0.04757137106361764,214148.18378989413,241018.06802447583
PHS,United States,2041,226605.48266109749,226602.06576346362,63294409.5741827,7955.778376386731,0.07319933455795391,0.07916117712058313,214041.3328523384,239742.16690302858
PHS,United States,2042,224598.69409643934,224787.88159884186,67104329.04062694,8191.723203369786,-0.029873448831318334,0.03738741169395832,210877.68124715783,238001.86211722842
PHS,United States,2043,223431.75040169727,223393.2372180961,63249825.68085325,7952.975900935024,0.012957038189553212,0.10182901951710033,210767.36096515218,236075.8521263292
PHS,United States,2044,221753.08314407014,221973.76634424855,59041751.26841019,7683.863043314228,-0.08124136984446696,0.02475898232681395,208857.33948980249,234555.51722358065
PHS,United States,2045,219979.74155977558,220083.34692154996,60827072.902599506,7799.171295887756,0.0891245598707341,-0.02712398757301271,207427.46781720853,232976.61472808648
PHS,United States,2046,218973.6663963973,218804.7708033225,62076541.66582859,7878.866775484187,-0.02205901273464843,-0.0704702441122258,205432.09114972426,231449.13902882222
PHS,United States,2047,216995.52794523744,216959.85581758726,60507807.041487575,7778.676432497214,0.07883549352573296,-0.1300236974598339,204026.97654141756,230012.44839306874
PHS,United States,2048,215020.4377710773,214651.85919435282,59773760.44868766,7731.349199763755,0.22585846550341773,0.03231196467905839,202465.03248890216,228490.05074678897
PHS,United States,2049,213745.66459335783,213734.32032647647,56238758.95634706,7499.250559645748,0.03158387381067485,-0.20757971493883254,201403.82285460402,225709.02894084147
PHS,United States,2050,211850.31942548644,212126.28041837626,58774340.16546208,7666.442471281062,-0.09356187194501929,0.4226522528561443,199216.44186580394,223716.79225322008
